timestamp,open,high,low,close,volume,open_BTC,high_BTC,low_BTC,close_BTC,volume_BTC,open_ETH,high_ETH,low_ETH,close_ETH,volume_ETH,open_XRP,high_XRP,low_XRP,close_XRP,volume_XRP,open_DOGE,high_DOGE,low_DOGE,close_DOGE,volume_DOGE
2025-03-04 17:20:00,0.01914,0.01914,0.01911,0.01912,656142156.39306,125843000.0,125910000.0,125610000.0,125910000.0,5.41867074,3152000.0,3156000.0,3146000.0,3155000.0,50.64003793,3513.0,3515.0,3500.0,3514.0,423329.92086787,290.1,290.2,289.3,290.1,258611.4670979
2025-03-04 17:15:00,0.0191,0.01914,0.01909,0.01914,5365037402.800165,125576000.0,125968000.0,125517000.0,125899000.0,8.60091539,3144000.0,3156000.0,3140000.0,3152000.0,95.95900597,3506.0,3515.0,3498.0,3513.0,827697.46944014,289.6,290.2,289.1,290.1,530205.78994203
2025-03-04 17:10:00,0.01906,0.0191,0.01904,0.0191,4078895220.570441,125375000.0,125576000.0,125373000.0,125555000.0,11.81219721,3128000.0,3144000.0,3126000.0,3144000.0,66.43539338,3480.0,3506.0,3480.0,3506.0,806658.22080476,288.5,290.0,288.3,289.9,558522.31881248
2025-03-04 17:05:00,0.01914,0.01914,0.01906,0.01907,2191105884.424188,125699000.0,125786000.0,125372000.0,125387000.0,9.48077488,3150000.0,3153000.0,3125000.0,3126000.0,128.03418297,3513.0,3515.0,3477.0,3483.0,1766327.09312982,290.2,290.5,288.2,288.5,1195381.09885815
2025-03-04 17:00:00,0.0191,0.01915,0.01909,0.01914,4864493188.883232,125396000.0,125800000.0,125365000.0,125700000.0,14.01812467,3135000.0,3154000.0,3133000.0,3150000.0,167.56096203,3498.0,3519.0,3492.0,3513.0,2003524.5245305,289.4,290.5,289.0,290.1,707449.43694326
2025-03-04 16:55:00,0.01915,0.01915,0.01909,0.0191,1778704355.2870755,125688000.0,125688000.0,125372000.0,125396000.0,12.80018534,3138000.0,3141000.0,3133000.0,3136000.0,106.07704096,3508.0,3508.0,3491.0,3498.0,962444.09702066,290.2,290.2,289.3,289.4,874111.61184968
2025-03-04 16:50:00,0.01915,0.01918,0.01914,0.01915,2262362391.653224,125981000.0,125981000.0,125669000.0,125688000.0,6.2626958,3137000.0,3141000.0,3132000.0,3139000.0,97.01760136,3512.0,3515.0,3505.0,3510.0,377872.6182006,290.2,290.8,290.1,290.3,281315.96448986
2025-03-04 16:45:00,0.01912,0.01918,0.01911,0.01916,3432775275.169504,125880000.0,125981000.0,125802000.0,125981000.0,4.15686788,3130000.0,3138000.0,3129000.0,3136000.0,109.36250334,3504.0,3517.0,3497.0,3510.0,670240.0504298,289.7,290.5,289.5,290.3,486460.77440573
2025-03-04 16:40:00,0.01916,0.01918,0.01912,0.01912,2880506563.20478,126244000.0,126262000.0,125802000.0,125880000.0,7.01770276,3136000.0,3138000.0,3128000.0,3132000.0,170.34197055,3515.0,3517.0,3502.0,3504.0,731612.68591401,290.4,290.5,289.7,289.7,649053.37526407
2025-03-04 16:35:00,0.01918,0.01919,0.01912,0.01916,2756950827.6277785,126228000.0,126363000.0,126040000.0,126239000.0,4.14254938,3144000.0,3144000.0,3136000.0,3138000.0,144.34271853,3518.0,3527.0,3506.0,3515.0,807426.46639143,290.6,291.2,290.0,290.5,1007374.22927506
2025-03-04 16:30:00,0.01914,0.01919,0.01912,0.01918,11677062184.570845,125955000.0,126235000.0,125801000.0,126235000.0,12.32948757,3132000.0,3145000.0,3130000.0,3144000.0,143.97511277,3501.0,3524.0,3496.0,3520.0,1384106.51697589,289.7,290.9,289.5,290.3,525345.16178106
2025-03-04 16:25:00,0.01913,0.01917,0.01911,0.01914,1307676816.1626792,125954000.0,126108000.0,125850000.0,125939000.0,8.99329718,3128000.0,3138000.0,3125000.0,3134000.0,188.02401605,3504.0,3508.0,3498.0,3502.0,717445.83207848,289.8,290.3,289.5,289.7,290768.79592778
2025-03-04 16:20:00,0.01908,0.01913,0.01907,0.01913,3099902278.573543,126021000.0,126045000.0,125712000.0,126023000.0,11.04826581,3131000.0,3131000.0,3114000.0,3128000.0,187.74737706,3499.0,3506.0,3487.0,3504.0,733592.93328392,289.6,289.8,288.7,289.5,746009.40485142
2025-03-04 16:15:00,0.01905,0.01911,0.01903,0.01909,5425725888.986514,125711000.0,126061000.0,125600000.0,126045000.0,13.80262286,3133000.0,3133000.0,3120000.0,3131000.0,180.29220877,3485.0,3507.0,3481.0,3499.0,1128439.53382198,289.0,289.9,288.2,289.7,945489.71762825
2025-03-04 16:10:00,0.01906,0.01908,0.01904,0.01905,3242916654.710505,125841000.0,125967000.0,125708000.0,125711000.0,11.30493428,3137000.0,3137000.0,3124000.0,3133000.0,394.67515817,3476.0,3494.0,3471.0,3485.0,1439976.9394654,288.3,289.2,288.2,289.0,995901.71919559
2025-03-04 16:05:00,0.01911,0.01915,0.01906,0.01906,7194591230.717197,126128000.0,126218000.0,125841000.0,125841000.0,16.32070681,3154000.0,3155000.0,3137000.0,3139000.0,148.69042852,3501.0,3505.0,3476.0,3476.0,1521094.12878301,289.6,289.8,288.3,288.3,869671.04364791
2025-03-04 16:00:00,0.01918,0.01921,0.01911,0.01911,4445392330.854856,126314000.0,126400000.0,126100000.0,126127000.0,11.27672666,3158000.0,3166000.0,3150000.0,3152000.0,61.64247226,3500.0,3512.0,3491.0,3503.0,1526021.92962908,290.5,291.2,289.0,289.6,1618436.57641867
2025-03-04 15:55:00,0.01919,0.01919,0.01915,0.01918,1976428457.4104414,126228000.0,126315000.0,126048000.0,126315000.0,7.06975088,3155000.0,3162000.0,3151000.0,3158000.0,77.24519256,3490.0,3510.0,3487.0,3500.0,1264454.66929442,290.1,290.9,289.9,290.3,522258.02957312
2025-03-04 15:50:00,0.01917,0.01921,0.01913,0.01919,4512419810.890674,126122000.0,126315000.0,126050000.0,126181000.0,12.80029967,3151000.0,3165000.0,3151000.0,3155000.0,75.04902038,3497.0,3499.0,3484.0,3487.0,1805284.94982018,289.9,291.0,289.7,290.4,1147265.91076199
2025-03-04 15:45:00,0.01921,0.01921,0.01915,0.01917,2740485964.732876,126256000.0,126258000.0,126000000.0,126112000.0,21.3596309,3157000.0,3159000.0,3150000.0,3153000.0,180.62969427,3525.0,3526.0,3493.0,3497.0,2618116.01072329,290.9,291.0,289.9,290.0,1510696.13084766
2025-03-04 15:40:00,0.0192,0.01924,0.0192,0.01921,2366475011.12234,126501000.0,126581000.0,126088000.0,126256000.0,16.87997168,3163000.0,3167000.0,3156000.0,3157000.0,91.85359872,3526.0,3530.0,3513.0,3526.0,2171999.30866651,290.9,291.3,290.8,291.0,714872.85801073
2025-03-04 15:35:00,0.01926,0.01926,0.01919,0.0192,2182991307.148789,127043000.0,127043000.0,126500000.0,126500000.0,10.26145349,3174000.0,3175000.0,3163000.0,3163000.0,89.12569648,3549.0,3549.0,3521.0,3527.0,1322842.37886991,292.2,292.2,290.8,291.0,1015098.05658316
2025-03-04 15:30:00,0.01925,0.01928,0.01921,0.01926,3443541981.9847393,127130000.0,127218000.0,126807000.0,126913000.0,5.30667226,3179000.0,3181000.0,3171000.0,3175000.0,56.3454362,3560.0,3562.0,3540.0,3548.0,1088005.9537199,292.4,293.0,291.9,292.4,488453.45982692
2025-03-04 15:25:00,0.01924,0.01928,0.0192,0.01928,3524788733.94218,127001000.0,127288000.0,126817000.0,127130000.0,6.33446838,3174000.0,3181000.0,3167000.0,3179000.0,90.74086,3550.0,3562.0,3540.0,3560.0,944263.58740217,292.1,292.9,291.6,292.5,759706.87227619
2025-03-04 15:20:00,0.01916,0.01924,0.01915,0.01924,2393993405.9652514,126689000.0,127114000.0,126606000.0,127093000.0,7.69887444,3165000.0,3176000.0,3161000.0,3174000.0,101.43685296,3530.0,3559.0,3524.0,3550.0,1363133.27192044,291.1,292.4,290.6,292.2,839537.16561849
2025-03-04 15:15:00,0.01918,0.01924,0.01915,0.01916,3510771615.719037,126951000.0,127121000.0,126600000.0,126689000.0,10.84495289,3170000.0,3175000.0,3162000.0,3165000.0,85.28410975,3547.0,3555.0,3522.0,3530.0,2089315.84173267,291.8,292.1,290.9,291.2,841661.66228459
2025-03-04 15:10:00,0.0192,0.01926,0.01916,0.01918,6692689363.305065,127081000.0,127270000.0,126950000.0,126950000.0,13.12791006,3179000.0,3186000.0,3170000.0,3171000.0,189.97511535,3559.0,3572.0,3536.0,3546.0,1996512.56974462,292.4,293.0,291.4,291.7,1352796.8667463
2025-03-04 15:05:00,0.01923,0.01926,0.01921,0.01921,5039135645.052166,127299000.0,127429000.0,127080000.0,127081000.0,18.08417306,3184000.0,3188000.0,3177000.0,3179000.0,159.6623252,3567.0,3576.0,3555.0,3560.0,940173.69357005,293.2,293.6,292.1,292.3,1187877.08050875
2025-03-04 15:00:00,0.01922,0.01926,0.01917,0.01923,5789414611.038667,127211000.0,127478000.0,127068000.0,127299000.0,12.21352295,3179000.0,3187000.0,3173000.0,3184000.0,162.09436355,3565.0,3580.0,3550.0,3568.0,1741720.27287414,293.0,293.7,292.3,293.3,998060.90961524
2025-03-04 14:55:00,0.01925,0.01925,0.01922,0.01922,1507799748.8680305,127282000.0,127285000.0,127102000.0,127242000.0,13.76798476,3181000.0,3185000.0,3177000.0,3179000.0,121.27278114,3584.0,3587.0,3562.0,3565.0,1974809.3019896,293.7,293.7,292.8,292.9,1572126.77021143
2025-03-04 14:50:00,0.01913,0.01925,0.01913,0.01925,1308427583.319271,126862000.0,127407000.0,126790000.0,127179000.0,14.17788971,3169000.0,3182000.0,3165000.0,3181000.0,115.00129907,3548.0,3584.0,3547.0,3582.0,2023890.1203192,291.8,293.7,291.5,293.7,831311.25258631
2025-03-04 14:45:00,0.0192,0.01921,0.01914,0.01914,1832415470.5494766,126952000.0,126952000.0,126788000.0,126862000.0,12.31168057,3176000.0,3177000.0,3164000.0,3168000.0,318.82775198,3577.0,3577.0,3545.0,3547.0,2532201.30730304,293.0,293.0,291.3,291.8,1286892.92163379
2025-03-04 14:40:00,0.01923,0.01923,0.01918,0.01921,5203845579.786321,126940000.0,127099000.0,126896000.0,126952000.0,18.50986052,3177000.0,3179000.0,3170000.0,3175000.0,295.74700131,3570.0,3593.0,3555.0,3577.0,4100408.42751395,292.9,293.4,292.3,293.0,1667287.3699668
2025-03-04 14:35:00,0.01917,0.01926,0.01915,0.01921,8495083316.980696,126831000.0,127015000.0,126674000.0,126919000.0,14.99478453,3174000.0,3180000.0,3164000.0,3177000.0,194.13996687,3549.0,3578.0,3544.0,3570.0,3566952.27439354,291.8,293.3,291.1,292.9,1834134.81778647
2025-03-04 14:30:00,0.01917,0.01917,0.01911,0.01915,5070932208.085064,126900000.0,126900000.0,126583000.0,126816000.0,7.47694523,3172000.0,3174000.0,3163000.0,3172000.0,157.3022393,3532.0,3549.0,3520.0,3549.0,1685899.99541919,291.9,291.9,290.0,291.7,1869327.66681133
2025-03-04 14:25:00,0.01914,0.01917,0.01912,0.01917,4273933657.3654256,126672000.0,126990000.0,126573000.0,126900000.0,9.42572297,3163000.0,3175000.0,3163000.0,3173000.0,93.81749937,3512.0,3540.0,3511.0,3534.0,2369087.3140616,290.9,292.0,290.8,291.9,1742754.07225735
2025-03-04 14:20:00,0.01913,0.01917,0.01908,0.01914,2812482717.1640987,126332000.0,126684000.0,126200000.0,126672000.0,10.08920458,3155000.0,3168000.0,3151000.0,3163000.0,67.89514077,3499.0,3517.0,3483.0,3512.0,1637340.41346864,290.0,291.0,289.1,290.8,1582727.56953503
2025-03-04 14:15:00,0.01914,0.0192,0.01908,0.01913,3115094662.2424836,126355000.0,126512000.0,126046000.0,126332000.0,16.82353519,3155000.0,3160000.0,3151000.0,3156000.0,119.18117071,3498.0,3515.0,3481.0,3497.0,2450356.96428963,290.0,290.5,289.2,289.6,1564103.41631222
2025-03-04 14:10:00,0.01924,0.01924,0.01914,0.01914,3532662816.4689617,126574000.0,126686000.0,126303000.0,126355000.0,15.30821281,3168000.0,3169000.0,3150000.0,3155000.0,165.88652198,3538.0,3539.0,3495.0,3499.0,3471936.464708,291.6,291.7,289.4,289.5,2136904.20331321
2025-03-04 14:05:00,0.01919,0.01934,0.01918,0.01924,26830569757.63159,126429000.0,127172000.0,126278000.0,126577000.0,31.95550018,3156000.0,3194000.0,3151000.0,3167000.0,561.09676377,3500.0,3578.0,3493.0,3538.0,7593941.24755464,290.7,293.9,289.8,291.6,3426170.95348269
2025-03-04 14:00:00,0.01907,0.01921,0.01902,0.01919,6378044665.546558,125772000.0,126644000.0,125529000.0,126429000.0,19.52649868,3134000.0,3160000.0,3130000.0,3156000.0,217.60047113,3453.0,3506.0,3449.0,3500.0,2495721.62445137,288.0,291.2,287.5,290.7,2019074.01241415
2025-03-04 13:55:00,0.0191,0.0191,0.01903,0.01907,1942428715.7746506,126131000.0,126141000.0,125590000.0,125770000.0,17.95385914,3147000.0,3150000.0,3132000.0,3134000.0,147.77593326,3471.0,3474.0,3451.0,3452.0,1531537.42854919,288.9,289.2,287.7,287.8,873704.24613318
2025-03-04 13:50:00,0.01908,0.01912,0.01908,0.01908,4961951825.477933,126196000.0,126395000.0,126078000.0,126151000.0,8.06258097,3146000.0,3156000.0,3145000.0,3147000.0,87.64173267,3470.0,3484.0,3470.0,3474.0,728034.46684147,288.9,289.6,288.7,288.9,734376.6910785
2025-03-04 13:45:00,0.01908,0.0191,0.01903,0.01908,1894823453.6069715,126359000.0,126395000.0,126000000.0,126103000.0,9.61022111,3153000.0,3153000.0,3140000.0,3146000.0,149.66743708,3483.0,3484.0,3465.0,3472.0,782631.93922451,289.8,290.0,288.5,288.9,1025480.52325815
2025-03-04 13:40:00,0.01905,0.0191,0.01902,0.01908,2153248172.699783,126212000.0,126395000.0,126081000.0,126319000.0,7.44937388,3142000.0,3155000.0,3142000.0,3153000.0,88.1696416,3474.0,3487.0,3470.0,3484.0,677936.74531079,289.3,290.1,289.0,290.0,946284.31091668
2025-03-04 13:35:00,0.01906,0.01909,0.01903,0.01905,3078991510.8492594,126338000.0,126635000.0,126018000.0,126212000.0,10.65025141,3143000.0,3148000.0,3133000.0,3142000.0,126.4395673,3470.0,3483.0,3465.0,3474.0,842438.23972249,289.8,290.7,289.0,289.5,1333561.88560457
2025-03-04 13:30:00,0.01909,0.0191,0.01902,0.01905,3262239329.2558193,126441000.0,126460000.0,126200000.0,126338000.0,9.02504078,3149000.0,3149000.0,3138000.0,3143000.0,142.6539295,3480.0,3480.0,3465.0,3469.0,989304.61253004,290.3,290.3,289.4,290.0,1038977.05689235
2025-03-04 13:25:00,0.01909,0.0191,0.01905,0.01909,5176565293.997073,126639000.0,126639000.0,126409000.0,126441000.0,3.7449101,3155000.0,3155000.0,3145000.0,3149000.0,94.80971686,3489.0,3490.0,3477.0,3479.0,653582.11818844,290.7,290.8,289.9,290.3,827171.13259069
2025-03-04 13:20:00,0.01902,0.01912,0.019,0.01909,7401059891.539987,126460000.0,126693000.0,126209000.0,126639000.0,8.88093737,3141000.0,3159000.0,3139000.0,3155000.0,144.24628972,3472.0,3492.0,3468.0,3490.0,1004654.47176063,289.4,291.1,289.0,290.7,810117.0170861
2025-03-04 13:15:00,0.01901,0.01908,0.01901,0.01902,4717747553.006724,126412000.0,126800000.0,126400000.0,126460000.0,12.06265685,3145000.0,3157000.0,3141000.0,3142000.0,304.91943253,3477.0,3496.0,3472.0,3473.0,1484777.5636865,289.6,291.0,289.4,289.4,1591401.75951872
2025-03-04 13:10:00,0.01897,0.01902,0.01895,0.01901,3530336031.7980347,126371000.0,126412000.0,126288000.0,126412000.0,7.70987609,3142000.0,3148000.0,3139000.0,3145000.0,400.17818918,3472.0,3479.0,3464.0,3477.0,753188.27803081,289.3,289.8,288.9,289.6,755223.73096008
2025-03-04 13:05:00,0.01897,0.01897,0.01891,0.01896,3318137409.6969857,126500000.0,126662000.0,126200000.0,126370000.0,8.020924,3140000.0,3142000.0,3128000.0,3140000.0,115.14411154,3472.0,3477.0,3452.0,3472.0,990660.40621898,289.0,289.6,288.1,289.3,725238.61025289
2025-03-04 13:00:00,0.01891,0.01897,0.01889,0.01897,4269403725.0157833,126638000.0,126796000.0,126200000.0,126585000.0,17.47276798,3130000.0,3139000.0,3124000.0,3139000.0,246.78560711,3464.0,3473.0,3454.0,3472.0,1549717.40537919,288.7,289.2,287.8,288.9,1080515.51107329
2025-03-04 12:55:00,0.01903,0.01903,0.0189,0.01891,4968457365.447237,126912000.0,127069000.0,126600000.0,126638000.0,15.21883272,3140000.0,3143000.0,3129000.0,3132000.0,261.0809422,3491.0,3494.0,3460.0,3463.0,1743568.93566717,290.4,290.4,288.2,288.7,1093951.35026791
2025-03-04 12:50:00,0.01885,0.01903,0.01885,0.01901,14895156483.54105,126315000.0,127077000.0,126300000.0,126912000.0,13.10230089,3114000.0,3150000.0,3113000.0,3140000.0,552.04803848,3453.0,3500.0,3452.0,3492.0,3499930.30820536,287.7,291.3,287.7,290.3,2163569.62664764
2025-03-04 12:45:00,0.01882,0.01888,0.01877,0.01885,4241682209.984429,126277000.0,126376000.0,125898000.0,126315000.0,14.43701427,3107000.0,3114000.0,3102000.0,3114000.0,210.57358724,3440.0,3454.0,3428.0,3453.0,1006605.9839238,287.2,287.8,286.6,287.2,1838598.45804028
2025-03-04 12:40:00,0.01889,0.0189,0.0188,0.01883,5758887491.864913,126732000.0,126735000.0,126222000.0,126277000.0,11.8596636,3113000.0,3117000.0,3104000.0,3107000.0,124.03477836,3456.0,3460.0,3435.0,3441.0,1182926.55048227,288.4,288.5,287.0,287.2,1380493.19579329
2025-03-04 12:35:00,0.01893,0.01896,0.01889,0.0189,6476659324.465816,126616000.0,126838000.0,126501000.0,126732000.0,10.16786082,3118000.0,3124000.0,3111000.0,3113000.0,196.53440553,3461.0,3469.0,3454.0,3456.0,681658.1595068,289.0,289.8,288.3,288.3,1526902.05611903
2025-03-04 12:30:00,0.0189,0.01897,0.01888,0.01892,6986087330.829039,126302000.0,126715000.0,126281000.0,126616000.0,10.09061207,3113000.0,3125000.0,3113000.0,3120000.0,225.75730777,3448.0,3471.0,3443.0,3460.0,1563366.23995886,289.2,290.0,288.9,289.1,1473524.20379275
2025-03-04 12:25:00,0.01889,0.01892,0.01885,0.0189,2591614088.5242534,126500000.0,126728000.0,126247000.0,126302000.0,8.43990613,3110000.0,3115000.0,3103000.0,3113000.0,131.42673517,3440.0,3451.0,3436.0,3447.0,743030.99073796,289.2,290.0,288.7,289.2,1539825.06568402
2025-03-04 12:20:00,0.01886,0.01892,0.01883,0.01889,3524404129.7775755,126293000.0,126723000.0,126132000.0,126500000.0,12.46334117,3100000.0,3115000.0,3092000.0,3107000.0,234.08439552,3430.0,3454.0,3425.0,3440.0,1386132.71375911,288.5,290.1,287.7,289.2,1037132.56893507
2025-03-04 12:15:00,0.01888,0.01891,0.01886,0.01886,6549758787.002958,126170000.0,126301000.0,125822000.0,126292000.0,17.3696686,3105000.0,3107000.0,3092000.0,3100000.0,503.35787764,3437.0,3440.0,3425.0,3430.0,1414762.24486878,288.7,289.0,287.8,288.2,1208801.25672773
2025-03-04 12:10:00,0.01899,0.01899,0.01886,0.01888,6197287170.781167,126801000.0,126801000.0,126090000.0,126185000.0,15.27968825,3122000.0,3122000.0,3103000.0,3105000.0,187.31303306,3464.0,3465.0,3427.0,3438.0,1698223.12980555,290.1,290.1,288.2,288.6,1757327.16476973
2025-03-04 12:05:00,0.01898,0.019,0.01895,0.01899,8549211689.274485,126678000.0,127155000.0,126540000.0,126697000.0,28.9526311,3123000.0,3130000.0,3114000.0,3122000.0,307.87309772,3467.0,3484.0,3456.0,3465.0,2060784.47598883,290.1,290.9,289.3,290.2,2457508.97561159
2025-03-04 12:00:00,0.01888,0.01897,0.01888,0.01896,6803992630.297635,126340000.0,126762000.0,126269000.0,126710000.0,13.99590487,3110000.0,3124000.0,3109000.0,3122000.0,174.32785822,3449.0,3474.0,3445.0,3467.0,2102082.29507643,288.4,290.3,288.0,290.0,2079280.06201455
2025-03-04 11:55:00,0.01894,0.019,0.01888,0.01888,8254585133.129254,126800000.0,127000000.0,126327000.0,126327000.0,23.58784373,3128000.0,3135000.0,3108000.0,3110000.0,394.80953989,3461.0,3475.0,3442.0,3448.0,2707830.86712636,289.5,290.4,288.2,288.2,2438084.3170529
2025-03-04 11:50:00,0.01889,0.01894,0.01882,0.01894,7901560575.776034,126265000.0,126800000.0,126048000.0,126755000.0,17.21157633,3116000.0,3130000.0,3107000.0,3130000.0,245.03241755,3434.0,3461.0,3422.0,3460.0,1612319.5940934,287.4,289.6,286.9,289.6,1334306.09217537
2025-03-04 11:45:00,0.01877,0.0189,0.01874,0.01887,12558489382.942783,125762000.0,126440000.0,125716000.0,126265000.0,18.64486711,3103000.0,3120000.0,3102000.0,3117000.0,344.93688768,3416.0,3444.0,3411.0,3435.0,1687416.84068389,285.9,288.0,285.5,287.5,1217693.44095048
2025-03-04 11:40:00,0.01889,0.0189,0.01875,0.01876,10898875650.911192,126301000.0,126422000.0,125738000.0,125817000.0,24.76881303,3116000.0,3120000.0,3100000.0,3105000.0,305.7587189,3444.0,3447.0,3409.0,3417.0,2033171.7980588,288.6,288.9,285.9,285.9,2637009.63477706
2025-03-04 11:35:00,0.01882,0.01893,0.01879,0.01889,8147499949.538894,125389000.0,126309000.0,125389000.0,126301000.0,32.29316432,3104000.0,3124000.0,3102000.0,3118000.0,489.69501868,3425.0,3458.0,3416.0,3444.0,3333332.84782153,287.8,289.4,286.9,288.6,2177258.24927317
2025-03-04 11:30:00,0.01877,0.01887,0.01876,0.01883,10793763873.664766,125364000.0,125577000.0,125274000.0,125389000.0,18.24976428,3095000.0,3113000.0,3095000.0,3105000.0,326.25503788,3407.0,3433.0,3404.0,3425.0,2602554.80369666,286.8,288.7,286.5,287.8,3203156.32886028
2025-03-04 11:25:00,0.01867,0.01881,0.01866,0.01876,8248837982.242955,125084000.0,125577000.0,124995000.0,125364000.0,21.64567966,3081000.0,3104000.0,3080000.0,3096000.0,384.57419206,3383.0,3415.0,3381.0,3407.0,2463303.37356336,285.8,287.8,285.5,286.8,1679854.40625264
2025-03-04 11:20:00,0.01856,0.01872,0.01851,0.01866,29322526954.229828,125413000.0,125413000.0,124880000.0,125106000.0,23.19162096,3070000.0,3092000.0,3059000.0,3081000.0,463.71527427,3371.0,3409.0,3354.0,3383.0,3208138.44609126,284.2,286.9,283.1,285.5,2314463.55542929
2025-03-04 11:15:00,0.01874,0.01874,0.01852,0.01858,21854185103.05215,125910000.0,125950000.0,125238000.0,125413000.0,27.33569001,3092000.0,3095000.0,3063000.0,3070000.0,506.03759868,3418.0,3418.0,3353.0,3370.0,4287452.54500334,286.9,287.0,282.6,284.2,5853771.22693425
2025-03-04 11:10:00,0.01858,0.01878,0.0184,0.01874,33574388182.890587,125354000.0,125910000.0,124999000.0,125910000.0,49.93732697,3071000.0,3093000.0,3048000.0,3092000.0,615.4731705,3379.0,3418.0,3338.0,3417.0,6122440.06888412,283.7,287.0,280.5,286.9,7945975.67867593
2025-03-04 11:05:00,0.01869,0.01876,0.01841,0.01854,60397018062.199486,125438000.0,125549000.0,124177000.0,125354000.0,63.44390869,3091000.0,3095000.0,3028000.0,3071000.0,1559.95789352,3419.0,3426.0,3347.0,3379.0,10318453.97330774,285.0,285.6,279.9,284.0,13810949.51796355
2025-03-04 11:00:00,0.01874,0.01888,0.01865,0.01869,22029822221.250557,125052000.0,125741000.0,124875000.0,125438000.0,48.75585292,3089000.0,3116000.0,3083000.0,3091000.0,537.76613769,3426.0,3451.0,3416.0,3418.0,2949312.44257448,285.9,287.8,284.8,285.0,4479077.10006017
2025-03-04 10:55:00,0.0188,0.01886,0.0187,0.01874,18066449010.70806,125459000.0,125701000.0,124627000.0,125052000.0,65.79683658,3111000.0,3122000.0,3079000.0,3089000.0,773.0308621,3440.0,3455.0,3410.0,3426.0,4848327.33146164,288.6,289.3,285.1,285.9,4829298.15599213
2025-03-04 10:50:00,0.01869,0.01889,0.01862,0.0188,26547666146.542297,124475000.0,125649000.0,124158000.0,125459000.0,84.1230673,3080000.0,3119000.0,3080000.0,3111000.0,875.90607806,3397.0,3448.0,3389.0,3438.0,6478298.81353791,284.7,289.5,284.0,288.6,8411322.90477617
2025-03-04 10:45:00,0.01868,0.01877,0.01855,0.01868,45619005485.12546,125098000.0,125098000.0,124080000.0,124197000.0,169.26322348,3080000.0,3092000.0,3050000.0,3082000.0,1772.56665635,3393.0,3418.0,3369.0,3397.0,8898947.55042523,284.5,286.2,282.1,284.6,13324071.05710743
2025-03-04 10:40:00,0.0189,0.01893,0.01866,0.01866,81762824586.21634,126293000.0,126444000.0,125000000.0,125069000.0,177.20750498,3103000.0,3109000.0,3070000.0,3083000.0,2913.39733777,3418.0,3431.0,3369.0,3393.0,14856633.53816083,287.8,288.5,283.3,284.5,15677127.76238562
2025-03-04 10:35:00,0.01909,0.01916,0.0189,0.0189,52425201441.89876,127656000.0,127951000.0,126000000.0,126307000.0,92.58290425,3152000.0,3161000.0,3100000.0,3101000.0,1576.35066277,3465.0,3480.0,3411.0,3411.0,8332899.40073801,291.1,292.3,287.0,287.5,8833922.79537485
2025-03-04 10:30:00,0.01926,0.0193,0.01908,0.01909,13773820675.902948,128220000.0,128463000.0,127600000.0,127656000.0,26.43278947,3177000.0,3183000.0,3147000.0,3155000.0,711.81731449,3510.0,3522.0,3460.0,3465.0,3818049.34191855,294.3,295.3,290.7,291.2,3790030.93549889
2025-03-04 10:25:00,0.0192,0.01928,0.01914,0.01925,20493698094.959988,127956000.0,128250000.0,127676000.0,128228000.0,56.11071162,3156000.0,3178000.0,3153000.0,3174000.0,539.51972064,3482.0,3515.0,3466.0,3509.0,4641396.90004058,293.1,294.7,292.0,294.0,4195854.15573501
2025-03-04 10:20:00,0.01922,0.0193,0.0192,0.0192,7166197109.386576,128199000.0,128446000.0,127928000.0,127956000.0,44.90907727,3171000.0,3180000.0,3157000.0,3161000.0,498.05787125,3501.0,3519.0,3482.0,3482.0,2403591.15675276,294.0,295.5,293.0,293.0,1910037.9238967
2025-03-04 10:15:00,0.01923,0.01932,0.0192,0.01922,14888797542.13609,128470000.0,128876000.0,128183000.0,128198000.0,27.41535511,3182000.0,3192000.0,3164000.0,3173000.0,431.90054304,3502.0,3530.0,3493.0,3501.0,3446927.40904231,294.7,295.9,293.4,293.8,3434237.43198602
2025-03-04 10:10:00,0.01914,0.01923,0.01913,0.01923,17282159009.474297,128504000.0,128699000.0,128200000.0,128470000.0,40.22253739,3178000.0,3183000.0,3167000.0,3182000.0,576.11655511,3485.0,3504.0,3481.0,3502.0,4730843.69649166,293.6,295.0,293.2,294.7,4429732.065083
2025-03-04 10:05:00,0.01923,0.01931,0.01914,0.01917,26408512941.198635,128865000.0,129225000.0,128458000.0,128504000.0,54.20910364,3189000.0,3202000.0,3173000.0,3179000.0,710.02347516,3505.0,3526.0,3477.0,3487.0,9069475.73619392,295.0,296.1,293.1,293.7,6801780.66206338
2025-03-04 10:00:00,0.01938,0.01942,0.01922,0.01922,27726357467.760887,129554000.0,129817000.0,128786000.0,128820000.0,39.18607582,3200000.0,3209000.0,3184000.0,3190000.0,579.73038411,3552.0,3565.0,3502.0,3505.0,7349482.8774207,297.3,298.1,294.4,294.6,5101655.63527078
2025-03-04 09:55:00,0.0195,0.0195,0.01938,0.01938,4935845369.821836,129740000.0,130060000.0,129500000.0,129554000.0,17.0928697,3211000.0,3214000.0,3200000.0,3200000.0,301.05599439,3599.0,3601.0,3551.0,3552.0,2587248.59641296,299.4,299.8,297.0,297.0,2530301.17076404
2025-03-04 09:50:00,0.01948,0.0195,0.01941,0.01949,10409578590.881512,129666000.0,129800000.0,129424000.0,129799000.0,15.57690795,3210000.0,3212000.0,3196000.0,3211000.0,612.58005776,3592.0,3600.0,3570.0,3600.0,2174949.99948427,299.7,299.7,298.1,299.5,3153294.93042936
2025-03-04 09:45:00,0.01943,0.01951,0.01942,0.01948,11568136362.297018,129520000.0,129799000.0,129439000.0,129725000.0,16.06568343,3211000.0,3219000.0,3207000.0,3209000.0,361.55391731,3577.0,3606.0,3574.0,3594.0,2324538.04276478,299.2,300.3,298.8,299.4,1940393.58971613
2025-03-04 09:40:00,0.01956,0.01958,0.01942,0.01942,10499349027.147638,130351000.0,130351000.0,129400000.0,129555000.0,22.31683232,3235000.0,3240000.0,3204000.0,3209000.0,911.85930159,3614.0,3617.0,3561.0,3574.0,4485716.13918265,301.0,301.1,298.5,298.9,4073626.81003518
2025-03-04 09:35:00,0.01952,0.0196,0.0195,0.01958,9220871153.77645,130203000.0,130445000.0,130000000.0,130349000.0,16.57846747,3234000.0,3241000.0,3229000.0,3235000.0,320.15651248,3603.0,3629.0,3592.0,3615.0,2883516.37189672,300.3,301.7,299.9,300.9,1947926.45465937
2025-03-04 09:30:00,0.01966,0.0197,0.01952,0.01953,9059795539.62537,130603000.0,130744000.0,130159000.0,130204000.0,20.67555509,3249000.0,3253000.0,3230000.0,3233000.0,418.86145418,3630.0,3643.0,3602.0,3602.0,2506600.75857162,301.8,302.8,300.0,300.1,1963704.39689318
2025-03-04 09:25:00,0.0197,0.0197,0.01961,0.01966,7003727725.998131,130900000.0,130900000.0,130313000.0,130603000.0,20.78113364,3263000.0,3264000.0,3241000.0,3249000.0,293.61559308,3650.0,3651.0,3613.0,3631.0,2411546.55539316,303.2,303.2,301.0,301.8,3091831.60662909
2025-03-04 09:20:00,0.01969,0.01975,0.01966,0.0197,9720436790.431618,130718000.0,131170000.0,130606000.0,130900000.0,34.14431169,3264000.0,3272000.0,3257000.0,3261000.0,358.53670574,3656.0,3668.0,3642.0,3650.0,3412290.26043466,303.6,304.5,302.8,303.2,2922424.43469692
2025-03-04 09:15:00,0.01963,0.01969,0.0196,0.01969,9534212020.316574,130226000.0,130731000.0,130100000.0,130718000.0,21.60792303,3255000.0,3265000.0,3248000.0,3264000.0,308.51976349,3633.0,3659.0,3630.0,3655.0,2906016.42059138,302.2,303.7,301.8,303.5,2592251.00977174
2025-03-04 09:10:00,0.01954,0.01967,0.01951,0.01964,9831426317.273602,130000000.0,130332000.0,129780000.0,130277000.0,25.65648331,3250000.0,3259000.0,3248000.0,3255000.0,413.73365553,3604.0,3646.0,3603.0,3633.0,3902006.3838992,300.3,302.7,300.3,302.3,2959758.40761375
2025-03-04 09:05:00,0.01936,0.01964,0.01935,0.01955,20402737454.97566,129500000.0,130464000.0,129396000.0,130088000.0,40.41501985,3235000.0,3270000.0,3235000.0,3250000.0,694.82104916,3574.0,3645.0,3573.0,3603.0,7033192.37046595,298.5,302.8,298.5,300.3,6438479.23245962
2025-03-04 09:00:00,0.0195,0.0195,0.01935,0.01938,17900636172.923847,130110000.0,130200000.0,129287000.0,129500000.0,46.14321814,3243000.0,3243000.0,3220000.0,3236000.0,411.31978597,3602.0,3603.0,3553.0,3574.0,5795844.4972533,300.6,300.6,297.8,298.7,5185385.97873589
2025-03-04 08:55:00,0.01951,0.01951,0.01947,0.01949,6386355831.513228,130110000.0,130110000.0,129643000.0,130094000.0,27.20466868,3244000.0,3245000.0,3232000.0,3242000.0,277.0774743,3609.0,3609.0,3589.0,3602.0,2368348.13046323,301.0,301.0,299.5,300.5,3344142.95885257
2025-03-04 08:50:00,0.01957,0.01958,0.0195,0.01951,5438398029.447902,130474000.0,130474000.0,130000000.0,130110000.0,12.62609415,3254000.0,3256000.0,3240000.0,3245000.0,310.10679761,3615.0,3620.0,3600.0,3608.0,1538862.23810117,301.4,301.7,300.5,300.9,1913582.0002185
2025-03-04 08:45:00,0.01966,0.01967,0.01957,0.01959,5622893146.459344,130728000.0,130737000.0,130332000.0,130431000.0,8.86225025,3264000.0,3266000.0,3251000.0,3252000.0,184.12325849,3645.0,3647.0,3614.0,3615.0,1493915.51205275,302.8,302.8,301.3,301.3,2087150.70973784
2025-03-04 08:40:00,0.01966,0.01968,0.01962,0.01966,3007661725.375979,130774000.0,130774000.0,130535000.0,130737000.0,11.9535283,3265000.0,3268000.0,3261000.0,3266000.0,159.70256593,3650.0,3651.0,3634.0,3647.0,709577.83955297,303.2,303.2,302.4,302.7,3269629.96780805
2025-03-04 08:35:00,0.01965,0.01967,0.01963,0.01964,3063703640.807987,130691000.0,130870000.0,130495000.0,130803000.0,7.26555643,3266000.0,3270000.0,3258000.0,3265000.0,107.08811296,3653.0,3653.0,3640.0,3649.0,799223.6267776,303.1,303.5,302.3,303.2,1465912.2895283
2025-03-04 08:30:00,0.01962,0.01966,0.01958,0.01966,2944446198.880736,130645000.0,130708000.0,130317000.0,130691000.0,10.3688031,3259000.0,3266000.0,3249000.0,3265000.0,274.98016514,3642.0,3653.0,3626.0,3653.0,1076036.97691822,302.2,303.2,301.8,303.2,1386198.54129535
2025-03-04 08:25:00,0.01968,0.01969,0.01961,0.01963,4967051378.682657,130898000.0,130955000.0,130644000.0,130650000.0,12.6585414,3269000.0,3272000.0,3258000.0,3259000.0,227.63781892,3655.0,3658.0,3636.0,3642.0,1442726.26528888,303.5,303.9,302.1,302.5,2106104.43377614
2025-03-04 08:20:00,0.01959,0.01969,0.01959,0.01969,4192423134.6662083,130301000.0,130898000.0,130282000.0,130898000.0,13.58166092,3257000.0,3268000.0,3255000.0,3268000.0,175.67425207,3650.0,3660.0,3637.0,3653.0,1287507.44980475,302.3,303.8,302.1,303.5,1263970.05723014
2025-03-04 08:15:00,0.01955,0.01959,0.01953,0.01959,6250682585.445176,130148000.0,130348000.0,129910000.0,130315000.0,15.66277522,3251000.0,3257000.0,3240000.0,3257000.0,228.41684737,3628.0,3657.0,3621.0,3649.0,1846829.36686984,301.5,302.4,300.9,302.3,2023197.06160917
2025-03-04 08:10:00,0.01957,0.01959,0.01954,0.01955,3516792956.1946974,130083000.0,130306000.0,129999000.0,130152000.0,15.84919109,3252000.0,3255000.0,3246000.0,3250000.0,194.96081285,3618.0,3635.0,3617.0,3628.0,1235270.33585223,301.4,301.9,301.0,301.5,909704.43319578
2025-03-04 08:05:00,0.0195,0.01957,0.01948,0.01954,2657675684.1794376,130082000.0,130083000.0,129760000.0,130070000.0,25.12451154,3255000.0,3259000.0,3248000.0,3250000.0,181.93874096,3608.0,3619.0,3594.0,3618.0,1698582.70663866,300.8,301.4,300.0,301.4,1172926.15522676
2025-03-04 08:00:00,0.01958,0.01958,0.01948,0.0195,8100570467.6304035,130909000.0,130909000.0,129990000.0,130082000.0,24.6894383,3277000.0,3279000.0,3250000.0,3254000.0,365.89588426,3639.0,3640.0,3600.0,3607.0,2603127.60251711,301.8,302.4,300.5,300.8,2079715.03856953
2025-03-04 07:55:00,0.01956,0.01963,0.01956,0.01958,9342265098.910322,131198000.0,131200000.0,130841000.0,130909000.0,34.02848029,3272000.0,3287000.0,3261000.0,3275000.0,411.53666707,3655.0,3659.0,3632.0,3639.0,2406804.01182455,302.3,302.5,301.3,302.0,2932030.80785529
2025-03-04 07:50:00,0.01949,0.01956,0.01948,0.01955,8422997733.087677,130272000.0,131198000.0,130272000.0,131189000.0,19.84551366,3252000.0,3273000.0,3251000.0,3271000.0,248.11882863,3626.0,3654.0,3623.0,3654.0,2310573.30114449,300.6,302.5,300.6,302.3,2047607.13840666
2025-03-04 07:45:00,0.01949,0.01949,0.01947,0.01949,6645365461.054139,129990000.0,130272000.0,129969000.0,130268000.0,13.68664554,3241000.0,3252000.0,3240000.0,3251000.0,152.20693334,3614.0,3628.0,3604.0,3628.0,1277604.14372101,300.0,300.7,299.8,300.6,1734874.89969933
2025-03-04 07:40:00,0.01944,0.01949,0.01943,0.01949,3321188401.4108253,129726000.0,129990000.0,129580000.0,129990000.0,18.62302338,3233000.0,3245000.0,3231000.0,3242000.0,130.25403445,3600.0,3616.0,3598.0,3615.0,951428.14298124,298.9,300.1,298.7,300.0,1072304.24269687
2025-03-04 07:35:00,0.01945,0.01947,0.01942,0.01945,3149174951.3482103,129955000.0,129955000.0,129577000.0,129726000.0,21.55735242,3233000.0,3237000.0,3230000.0,3233000.0,408.81025116,3602.0,3613.0,3593.0,3600.0,1631957.13479207,299.0,299.2,298.5,298.9,1277551.2517899
2025-03-04 07:30:00,0.01948,0.01949,0.01943,0.01945,10621904414.107027,130392000.0,130444000.0,129860000.0,129955000.0,36.51584503,3229000.0,3241000.0,3228000.0,3234000.0,439.2808062,3611.0,3625.0,3595.0,3605.0,2852789.60350278,298.8,299.6,298.3,299.0,2378628.18206994
2025-03-04 07:25:00,0.01947,0.01953,0.01945,0.01947,5882165367.842661,130399000.0,130637000.0,130101000.0,130392000.0,30.50032328,3229000.0,3231000.0,3222000.0,3229000.0,201.02807863,3602.0,3614.0,3588.0,3609.0,2256697.55934768,298.6,299.0,297.9,298.6,2581396.70791319
2025-03-04 07:20:00,0.01945,0.01947,0.0194,0.01947,5006881665.328779,130218000.0,130400000.0,130000000.0,130370000.0,21.05416368,3224000.0,3230000.0,3215000.0,3229000.0,287.5748346,3581.0,3605.0,3571.0,3602.0,2339735.0365859,297.8,298.7,296.8,298.6,1479980.9686895
2025-03-04 07:15:00,0.01936,0.01947,0.01934,0.01947,9813535075.120844,129510000.0,130253000.0,129446000.0,130228000.0,22.32718482,3210000.0,3226000.0,3206000.0,3224000.0,277.14367108,3553.0,3589.0,3539.0,3584.0,2322881.33265319,296.3,297.8,295.5,297.7,2383626.33436099
2025-03-04 07:10:00,0.01939,0.0194,0.01933,0.01935,16531552144.641459,129700000.0,129751000.0,129305000.0,129510000.0,24.99860493,3210000.0,3213000.0,3202000.0,3210000.0,231.39442508,3558.0,3562.0,3528.0,3554.0,3037201.23228074,296.3,296.7,295.5,296.3,2300447.98648588
2025-03-04 07:05:00,0.01939,0.01946,0.01936,0.0194,15151627335.960806,129600000.0,129990000.0,129600000.0,129708000.0,24.22760114,3209000.0,3219000.0,3204000.0,3210000.0,281.77864668,3560.0,3589.0,3546.0,3558.0,3323424.02216813,295.7,297.8,295.6,296.3,3155699.55008469
2025-03-04 07:00:00,0.01922,0.0194,0.01919,0.01935,11690126911.452028,128316000.0,129756000.0,128240000.0,129607000.0,44.25442522,3177000.0,3212000.0,3176000.0,3208000.0,743.16188361,3487.0,3581.0,3487.0,3560.0,5950675.06460026,292.3,297.0,291.9,295.7,4723769.42401449
2025-03-04 06:55:00,0.01931,0.01935,0.01918,0.01922,37616928636.82428,128634000.0,128991000.0,128097000.0,128316000.0,98.6335681,3188000.0,3194000.0,3164000.0,3177000.0,1194.79221908,3497.0,3512.0,3452.0,3488.0,9870096.13321013,293.8,294.0,290.6,292.2,6909901.38778898
2025-03-04 06:50:00,0.01942,0.01942,0.0193,0.01931,19029598799.19992,129607000.0,129607000.0,128634000.0,128634000.0,66.59038882,3214000.0,3216000.0,3184000.0,3187000.0,939.70942888,3580.0,3580.0,3496.0,3498.0,10863409.06768171,296.8,297.0,293.6,293.7,6016699.82070505
2025-03-04 06:45:00,0.01957,0.01959,0.0194,0.01942,11572183654.980513,130243000.0,130243000.0,129533000.0,129607000.0,41.40688752,3230000.0,3231000.0,3212000.0,3214000.0,321.21431717,3612.0,3615.0,3570.0,3579.0,3595841.06429644,299.2,299.2,296.4,296.8,4170428.28867494
2025-03-04 06:40:00,0.01962,0.01963,0.01956,0.01958,6366327672.007842,130677000.0,130704000.0,130219000.0,130243000.0,10.99076603,3239000.0,3245000.0,3228000.0,3228000.0,177.83274688,3643.0,3645.0,3610.0,3611.0,1204499.03497493,300.0,301.0,299.2,299.2,1421564.587032
2025-03-04 06:35:00,0.01955,0.01963,0.01955,0.01963,4494242732.974101,130598000.0,130760000.0,130462000.0,130700000.0,11.25928436,3230000.0,3241000.0,3230000.0,3239000.0,165.58947273,3625.0,3645.0,3621.0,3642.0,1162834.15031383,299.4,300.4,299.2,300.0,1362315.11689806
2025-03-04 06:30:00,0.01952,0.01955,0.01951,0.01955,6898589813.890287,130077000.0,130599000.0,129900000.0,130588000.0,30.51437178,3227000.0,3231000.0,3223000.0,3231000.0,210.91862703,3600.0,3625.0,3592.0,3625.0,1576595.64223486,298.9,299.7,298.5,299.7,2313451.49677722
2025-03-04 06:25:00,0.01958,0.01958,0.01951,0.01952,4467987078.928231,130538000.0,130599000.0,130043000.0,130077000.0,17.2597342,3236000.0,3239000.0,3227000.0,3228000.0,188.81690056,3599.0,3619.0,3591.0,3600.0,3063211.69085342,299.6,300.3,298.9,299.0,1589344.02535358
2025-03-04 06:20:00,0.01967,0.01967,0.01955,0.01959,5721145107.669449,131056000.0,131066000.0,130519000.0,130534000.0,14.41075906,3248000.0,3252000.0,3233000.0,3236000.0,299.25487671,3652.0,3652.0,3597.0,3597.0,2845321.77612523,301.2,301.5,299.2,299.2,2369177.34095361
2025-03-04 06:15:00,0.01968,0.01971,0.01963,0.01967,10116038046.22109,130750000.0,131171000.0,130743000.0,131056000.0,22.47636743,3242000.0,3253000.0,3241000.0,3250000.0,208.22418072,3658.0,3668.0,3644.0,3651.0,1268711.36117054,301.6,302.5,301.0,301.2,1194150.48200941
2025-03-04 06:10:00,0.01965,0.01968,0.0196,0.01967,9459652073.550352,130622000.0,130784000.0,130521000.0,130750000.0,12.6840365,3233000.0,3244000.0,3233000.0,3242000.0,188.96849694,3656.0,3658.0,3649.0,3658.0,997946.91837214,302.0,302.0,300.9,301.8,2161309.62000653
2025-03-04 06:05:00,0.01963,0.01969,0.01958,0.01965,5085657200.451448,130352000.0,130796000.0,130256000.0,130622000.0,16.40965952,3225000.0,3240000.0,3220000.0,3235000.0,215.43568877,3651.0,3663.0,3638.0,3656.0,1103942.70410952,301.0,304.0,300.2,301.7,4827623.33922251
2025-03-04 06:00:00,0.01963,0.01969,0.0196,0.01964,5205400818.983071,130143000.0,130863000.0,130100000.0,130439000.0,21.01590536,3224000.0,3240000.0,3222000.0,3228000.0,284.92071547,3649.0,3668.0,3642.0,3650.0,1794505.10179263,301.9,302.9,300.5,301.0,2671772.56828477
2025-03-04 05:55:00,0.01959,0.01969,0.01959,0.01963,4592740173.775869,129849000.0,130200000.0,129685000.0,130178000.0,19.33621278,3222000.0,3233000.0,3218000.0,3224000.0,306.38149183,3637.0,3655.0,3630.0,3649.0,1304164.25395985,301.6,302.4,300.9,302.0,1002724.38156655
2025-03-04 05:50:00,0.01952,0.0196,0.01951,0.01959,4191573149.7264533,129772000.0,130091000.0,129509000.0,129800000.0,19.701577,3209000.0,3222000.0,3206000.0,3222000.0,159.2982446,3619.0,3640.0,3617.0,3637.0,1292670.87766375,300.9,302.0,300.5,301.7,1691673.44643435
2025-03-04 05:45:00,0.01941,0.01955,0.0194,0.01952,7799180147.574045,129175000.0,130151000.0,129109000.0,129830000.0,28.5119529,3189000.0,3221000.0,3187000.0,3209000.0,475.68905602,3575.0,3633.0,3574.0,3620.0,2611601.29592692,298.3,301.7,298.3,300.9,2471721.24607799
2025-03-04 05:40:00,0.01942,0.01945,0.01935,0.01941,14208416710.30633,129444000.0,129624000.0,129000000.0,129212000.0,60.45002316,3193000.0,3201000.0,3180000.0,3190000.0,801.80725679,3578.0,3592.0,3563.0,3574.0,3609775.99554723,297.5,298.9,296.9,298.9,4336797.17073848
2025-03-04 05:35:00,0.01953,0.01957,0.0194,0.01941,26956431017.660503,130185000.0,130352000.0,129444000.0,129444000.0,34.33272873,3211000.0,3212000.0,3191000.0,3193000.0,739.28274699,3626.0,3630.0,3576.0,3577.0,3068990.38922461,301.5,301.6,297.5,297.7,7409216.85274669
2025-03-04 05:30:00,0.01959,0.01963,0.01953,0.01953,10705692769.245361,129900000.0,130500000.0,129860000.0,130150000.0,16.77743006,3219000.0,3232000.0,3211000.0,3211000.0,355.03716977,3633.0,3655.0,3625.0,3625.0,1669373.52959234,301.6,303.3,301.3,301.6,1690211.15758283
2025-03-04 05:25:00,0.01961,0.01969,0.01955,0.01957,11814194773.78701,130207000.0,130530000.0,129750000.0,129900000.0,26.8481567,3223000.0,3237000.0,3210000.0,3220000.0,380.65403606,3645.0,3661.0,3628.0,3635.0,2218211.5773899,302.9,304.0,301.5,301.7,2828652.79515985
2025-03-04 05:20:00,0.0196,0.01964,0.01956,0.01961,11987889778.346342,130438000.0,130863000.0,130201000.0,130209000.0,17.2668203,3222000.0,3235000.0,3217000.0,3223000.0,338.73394987,3621.0,3652.0,3615.0,3642.0,2280493.35769352,302.4,303.9,301.7,302.9,2042608.61154819
2025-03-04 05:15:00,0.01967,0.01969,0.0196,0.01962,5940528330.605605,129850000.0,130595000.0,129803000.0,130406000.0,27.40765256,3230000.0,3242000.0,3221000.0,3221000.0,391.45937342,3630.0,3645.0,3621.0,3621.0,1800282.0410879,303.8,304.8,302.2,302.4,3284562.27872917
2025-03-04 05:10:00,0.01967,0.01971,0.0196,0.01967,12895878079.539993,130002000.0,130116000.0,129458000.0,129849000.0,51.66748555,3236000.0,3244000.0,3219000.0,3230000.0,376.52208099,3628.0,3643.0,3615.0,3629.0,2375956.62249859,303.8,304.9,302.0,303.8,3137420.65607561
2025-03-04 05:05:00,0.01967,0.01973,0.0196,0.01967,21115729062.56106,130397000.0,130500000.0,129837000.0,129989000.0,35.05543557,3237000.0,3247000.0,3225000.0,3234000.0,459.01964187,3616.0,3639.0,3600.0,3627.0,3246789.54358579,304.2,305.1,302.7,303.6,2348104.08951741
2025-03-04 05:00:00,0.01964,0.01975,0.01961,0.01968,14572513003.726791,130001000.0,130486000.0,129540000.0,130397000.0,63.74996217,3203000.0,3246000.0,3197000.0,3238000.0,501.81834415,3565.0,3635.0,3565.0,3619.0,4390343.81317756,301.5,305.0,301.0,304.2,3174772.35312706
2025-03-04 04:55:00,0.0198,0.01982,0.0196,0.01966,34159891444.8251,130091000.0,130700000.0,130000000.0,130000000.0,94.31850377,3244000.0,3246000.0,3195000.0,3203000.0,1965.32958941,3609.0,3631.0,3561.0,3565.0,9927848.47414131,303.0,304.4,300.0,302.0,10543207.38211297
2025-03-04 04:50:00,0.02,0.02003,0.0198,0.0198,15728069196.292068,131560000.0,131721000.0,130090000.0,130091000.0,87.68435653,3304000.0,3312000.0,3242000.0,3242000.0,1009.01164791,3691.0,3704.0,3603.0,3608.0,5880534.74001613,308.2,309.3,302.5,302.9,4104779.6794145
2025-03-04 04:45:00,0.01997,0.02001,0.01991,0.02001,5797928548.588553,131780000.0,131820000.0,131294000.0,131561000.0,27.66932634,3314000.0,3315000.0,3296000.0,3305000.0,178.19363773,3684.0,3700.0,3658.0,3692.0,1680493.86826354,308.1,309.0,306.6,308.2,696026.34013298
2025-03-04 04:40:00,0.02004,0.02008,0.01993,0.01996,6785692568.617148,131997000.0,132394000.0,131501000.0,131602000.0,14.82772897,3313000.0,3322000.0,3301000.0,3310000.0,224.59951538,3696.0,3724.0,3664.0,3680.0,2348672.78107791,309.6,310.0,307.1,308.4,1351217.87211559
2025-03-04 04:35:00,0.02,0.02004,0.01992,0.02002,8225118918.802606,132100000.0,132171000.0,131485000.0,131785000.0,30.72870464,3305000.0,3315000.0,3291000.0,3313000.0,195.84753698,3701.0,3702.0,3657.0,3695.0,2939811.53553443,308.3,309.5,305.8,309.5,2881991.56999498
2025-03-04 04:30:00,0.02005,0.02017,0.02001,0.02001,6915649269.56644,131954000.0,132500000.0,131951000.0,132122000.0,11.38640798,3303000.0,3328000.0,3301000.0,3306000.0,167.55008242,3687.0,3741.0,3678.0,3702.0,1985970.00124193,309.8,312.0,308.3,308.3,1343754.44500368
2025-03-04 04:25:00,0.02007,0.02011,0.02,0.02001,6053083343.953426,132085000.0,132198000.0,131675000.0,131951000.0,23.07152443,3310000.0,3310000.0,3294000.0,3303000.0,121.86756171,3722.0,3726.0,3677.0,3690.0,2131299.16074067,310.6,311.1,308.9,309.3,1360116.80455363
2025-03-04 04:20:00,0.01996,0.02008,0.01995,0.02007,8212160394.415968,131588000.0,132109000.0,131585000.0,132068000.0,21.94109908,3280000.0,3310000.0,3279000.0,3310000.0,297.17505044,3666.0,3725.0,3665.0,3722.0,2616504.14931824,307.8,310.6,307.7,310.6,1915308.51737422
2025-03-04 04:15:00,0.02002,0.02004,0.01991,0.01995,25668269556.884205,132108000.0,132237000.0,131575000.0,131588000.0,25.84237241,3309000.0,3315000.0,3273000.0,3280000.0,1506.48441993,3705.0,3718.0,3664.0,3666.0,6577140.13134764,309.3,310.0,306.7,307.6,6535134.32697027
2025-03-04 04:10:00,0.02015,0.02015,0.02,0.02002,14507933768.330437,132806000.0,132806000.0,131865000.0,132223000.0,24.71650414,3329000.0,3329000.0,3300000.0,3309000.0,651.91318458,3750.0,3751.0,3702.0,3706.0,3516381.46927128,312.0,312.0,308.6,309.3,6846739.21241639
2025-03-04 04:05:00,0.02013,0.02022,0.0201,0.02017,4325754318.183029,132476000.0,132994000.0,132300000.0,132707000.0,13.74714676,3327000.0,3342000.0,3321000.0,3330000.0,227.76959009,3752.0,3768.0,3733.0,3750.0,1959407.47573281,311.8,313.3,310.5,312.1,3039546.93276525
2025-03-04 04:00:00,0.02016,0.02028,0.02012,0.02013,6481316020.415405,132201000.0,132950000.0,132038000.0,132418000.0,22.24202251,3329000.0,3349000.0,3324000.0,3327000.0,365.20169832,3756.0,3789.0,3748.0,3755.0,1951972.68009068,312.8,314.9,311.5,311.9,2106719.88055111
2025-03-04 03:55:00,0.02013,0.02024,0.02012,0.02016,3185768279.378322,132538000.0,132600000.0,131860000.0,132363000.0,36.82593361,3327000.0,3340000.0,3318000.0,3330000.0,264.57461708,3745.0,3783.0,3740.0,3756.0,2112972.71378026,312.8,314.6,312.3,313.1,2200564.40683343
2025-03-04 03:50:00,0.02014,0.02027,0.02012,0.02013,5616780972.758761,132610000.0,133399000.0,132293000.0,132538000.0,25.98779563,3332000.0,3352000.0,3325000.0,3328000.0,303.02071225,3741.0,3778.0,3727.0,3736.0,2524895.16539351,313.0,315.3,312.1,312.6,1922485.35446205
2025-03-04 03:45:00,0.02018,0.02032,0.02012,0.02014,48173951580.0399,132553000.0,133430000.0,131862000.0,132682000.0,53.69013112,3332000.0,3361000.0,3316000.0,3332000.0,582.14687664,3753.0,3791.0,3725.0,3742.0,5016288.34013976,313.3,316.0,311.5,313.3,5674574.65541467
2025-03-04 03:40:00,0.0202,0.02053,0.02018,0.02018,39256723588.63367,132373000.0,133379000.0,132201000.0,132500000.0,56.93995905,3326000.0,3362000.0,3323000.0,3332000.0,482.83444066,3763.0,3795.0,3753.0,3753.0,4779808.18205944,313.4,316.5,313.2,313.4,4594320.44833382
2025-03-04 03:35:00,0.02027,0.02037,0.0202,0.0202,25664428892.599365,133011000.0,133883000.0,132200000.0,132200000.0,51.97699769,3358000.0,3374000.0,3323000.0,3324000.0,827.88432158,3802.0,3835.0,3763.0,3763.0,6405426.38069435,316.2,317.9,313.1,313.4,4979790.90490519
2025-03-04 03:30:00,0.02039,0.02047,0.02027,0.02027,10728281618.879025,133436000.0,133943000.0,132770000.0,133011000.0,68.40572758,3364000.0,3389000.0,3352000.0,3354000.0,437.14750172,3810.0,3849.0,3800.0,3803.0,3466052.53499627,317.0,320.1,315.2,316.1,4411840.40861149
2025-03-04 03:25:00,0.02053,0.02054,0.0203,0.0204,14357574168.751001,134409000.0,134708000.0,133150000.0,133271000.0,94.17464768,3391000.0,3394000.0,3356000.0,3364000.0,915.88795785,3870.0,3874.0,3801.0,3810.0,5986548.27471026,321.1,321.4,316.2,317.1,10488090.02846321
2025-03-04 03:20:00,0.02052,0.02057,0.02049,0.02054,7007559787.093008,134388000.0,134691000.0,134204000.0,134642000.0,19.16160576,3385000.0,3399000.0,3376000.0,3390000.0,326.29957978,3874.0,3889.0,3855.0,3869.0,1608373.13876341,320.8,321.9,320.1,321.2,1190047.59570591
2025-03-04 03:15:00,0.02062,0.02063,0.02052,0.02052,2977230581.0115876,135200000.0,135404000.0,134274000.0,134388000.0,59.53017953,3411000.0,3416000.0,3385000.0,3387000.0,735.4027675,3889.0,3907.0,3874.0,3876.0,826393.21277873,322.6,323.9,320.7,320.7,1249907.63408289
2025-03-04 03:10:00,0.02059,0.0206,0.02053,0.02055,3317092575.195706,135548000.0,135548000.0,135000000.0,135089000.0,22.40435779,3415000.0,3416000.0,3405000.0,3412000.0,105.65304593,3892.0,3893.0,3880.0,3890.0,543266.65347732,322.9,323.3,322.0,322.9,309601.18412229
2025-03-04 03:05:00,0.02061,0.02061,0.02055,0.02059,3197101047.3790855,135941000.0,135942000.0,135201000.0,135535000.0,25.17447069,3422000.0,3422000.0,3404000.0,3413000.0,373.78886964,3903.0,3903.0,3878.0,3890.0,1660401.82937468,323.7,323.7,321.8,323.0,2283547.26910464
2025-03-04 03:00:00,0.02069,0.02069,0.02059,0.02059,6214312076.747381,136230000.0,136400000.0,135942000.0,135942000.0,3.576566,3433000.0,3440000.0,3422000.0,3425000.0,156.05857684,3921.0,3925.0,3900.0,3904.0,960946.73988874,324.8,325.6,323.5,323.7,713067.37291893
2025-03-04 02:55:00,0.02069,0.02073,0.02066,0.02072,894618855.3236369,136405000.0,136523000.0,135923000.0,136233000.0,5.56421623,3446000.0,3446000.0,3432000.0,3435000.0,94.58604883,3931.0,3932.0,3917.0,3921.0,336773.23658842,325.7,326.0,324.7,324.8,446784.31483808
2025-03-04 02:50:00,0.02074,0.02074,0.02068,0.02069,2625037024.5732055,136530000.0,136678000.0,136202000.0,136406000.0,3.54817513,3444000.0,3450000.0,3435000.0,3445000.0,56.86861717,3936.0,3938.0,3910.0,3930.0,675209.13153578,326.0,326.2,324.6,325.8,877826.64645784
2025-03-04 02:45:00,0.02086,0.02086,0.02074,0.02074,830090556.3879533,137300000.0,137302000.0,136505000.0,136565000.0,2.92222027,3463000.0,3463000.0,3444000.0,3444000.0,77.29407913,3972.0,3972.0,3936.0,3937.0,444426.15299082,327.9,328.2,326.0,326.0,230239.478936
2025-03-04 02:40:00,0.02083,0.02089,0.02083,0.02086,1556342228.334397,136852000.0,137318000.0,136791000.0,137202000.0,4.82575517,3456000.0,3467000.0,3454000.0,3463000.0,66.74926711,3941.0,3979.0,3941.0,3972.0,1039186.78007974,326.9,328.7,326.6,328.2,452722.88776291
2025-03-04 02:35:00,0.02079,0.02084,0.02077,0.02083,2048236320.6122591,136745000.0,137028000.0,136632000.0,136852000.0,4.80710729,3450000.0,3457000.0,3447000.0,3456000.0,82.66069705,3931.0,3944.0,3925.0,3941.0,234268.30936415,326.2,327.2,326.0,327.1,525128.98887578
2025-03-04 02:30:00,0.0208,0.02085,0.02079,0.02079,1318887776.7582839,136398000.0,136789000.0,136373000.0,136701000.0,5.97331059,3443000.0,3455000.0,3442000.0,3450000.0,67.55135103,3925.0,3939.0,3925.0,3931.0,161314.21419426,325.7,327.0,325.6,326.2,347779.3531455
2025-03-04 02:25:00,0.02083,0.02083,0.02078,0.02079,2083043489.2370522,136491000.0,136595000.0,136128000.0,136514000.0,3.52367376,3444000.0,3447000.0,3434000.0,3444000.0,48.3240266,3932.0,3932.0,3915.0,3926.0,241261.01851837,326.3,326.4,325.0,325.4,269495.70949801
2025-03-04 02:20:00,0.02075,0.02084,0.02074,0.0208,608856444.3789656,136638000.0,136736000.0,136464000.0,136557000.0,8.30956279,3445000.0,3454000.0,3443000.0,3446000.0,56.35044701,3930.0,3944.0,3927.0,3930.0,305953.88172721,326.2,327.2,326.0,326.3,250571.67060431
2025-03-04 02:15:00,0.02068,0.02075,0.02061,0.02074,1714037247.7809052,136219000.0,136653000.0,135952000.0,136497000.0,10.39925488,3433000.0,3445000.0,3425000.0,3445000.0,58.32036542,3916.0,3933.0,3906.0,3931.0,448254.21196457,324.6,326.5,324.1,326.5,731602.17100513
2025-03-04 02:10:00,0.02071,0.02073,0.02062,0.02068,4012689149.5749335,136189000.0,136250000.0,135955000.0,136219000.0,8.82499458,3435000.0,3436000.0,3422000.0,3433000.0,89.9941376,3934.0,3937.0,3905.0,3914.0,1083484.08720688,325.8,326.1,324.3,324.6,881119.86514667
2025-03-04 02:05:00,0.02068,0.02075,0.02068,0.02071,1162766460.332375,136048000.0,136473000.0,136047000.0,136250000.0,6.46000329,3437000.0,3448000.0,3433000.0,3435000.0,121.83643618,3934.0,3951.0,3927.0,3934.0,282939.50119798,325.7,326.9,325.5,325.8,348215.82703116
2025-03-04 02:00:00,0.02067,0.02067,0.02062,0.02066,1289637003.0019636,136169000.0,136183000.0,135785000.0,135990000.0,11.02971667,3438000.0,3439000.0,3426000.0,3439000.0,284.89805914,3936.0,3940.0,3921.0,3931.0,260044.66018942,325.8,325.9,324.8,325.7,643119.30230398
2025-03-04 01:55:00,0.02069,0.02074,0.02067,0.02067,876031719.7717512,136052000.0,136400000.0,136000000.0,136183000.0,3.17336829,3447000.0,3453000.0,3438000.0,3438000.0,160.57974676,3936.0,3947.0,3930.0,3936.0,318004.29916084,326.5,327.2,325.7,325.7,223024.53072104
2025-03-04 01:50:00,0.02072,0.02078,0.0207,0.0207,1131443616.7643726,136187000.0,136400000.0,136052000.0,136052000.0,4.46152208,3447000.0,3456000.0,3445000.0,3447000.0,213.8953606,3938.0,3949.0,3933.0,3936.0,388095.06274786,326.5,327.5,326.5,326.5,506247.55128192
2025-03-04 01:45:00,0.02063,0.02073,0.02063,0.02073,1393412795.3319387,135806000.0,136304000.0,135787000.0,136214000.0,7.51590975,3437000.0,3449000.0,3437000.0,3449000.0,74.31415225,3919.0,3941.0,3916.0,3937.0,456248.31575838,325.2,326.5,325.2,326.5,365225.20307363
2025-03-04 01:40:00,0.02065,0.0207,0.02061,0.02063,1782547345.2878861,135693000.0,136190000.0,135601000.0,135805000.0,11.84584031,3433000.0,3448000.0,3431000.0,3437000.0,146.30478151,3923.0,3930.0,3913.0,3917.0,535465.37099022,325.2,326.2,324.8,325.2,478568.33837649
2025-03-04 01:35:00,0.02066,0.02069,0.02061,0.02065,5218488938.065273,135745000.0,136148000.0,135598000.0,135693000.0,13.46729324,3434000.0,3446000.0,3425000.0,3432000.0,201.63877105,3925.0,3937.0,3913.0,3921.0,708677.45883516,325.3,326.3,324.8,325.8,702973.74881474
2025-03-04 01:30:00,0.02074,0.02075,0.02063,0.02063,6043135010.121411,136185000.0,136405000.0,135745000.0,135745000.0,18.9476283,3449000.0,3454000.0,3433000.0,3437000.0,156.13853189,3939.0,3943.0,3920.0,3924.0,468735.539217,326.9,327.2,324.7,324.8,676825.5798996
2025-03-04 01:25:00,0.02076,0.02076,0.02069,0.02071,2054848087.5858045,136633000.0,136660000.0,136062000.0,136185000.0,7.91894076,3458000.0,3460000.0,3448000.0,3449000.0,100.39248282,3950.0,3955.0,3936.0,3940.0,413775.94118015,326.5,327.5,325.9,326.9,722442.29562206
2025-03-04 01:20:00,0.02078,0.02081,0.02075,0.02078,4910416124.460351,136659000.0,136997000.0,136541000.0,136657000.0,6.82372716,3451000.0,3468000.0,3450000.0,3456000.0,181.65974083,3939.0,3964.0,3935.0,3950.0,990007.89813824,326.3,326.8,325.7,326.5,1441143.26677869
2025-03-04 01:15:00,0.02069,0.02078,0.02066,0.02077,3908188212.342541,135975000.0,136800000.0,135784000.0,136575000.0,9.5891626,3438000.0,3450000.0,3425000.0,3450000.0,211.50888397,3919.0,3944.0,3903.0,3937.0,990450.22239753,324.3,326.2,323.6,326.2,1177140.01952389
2025-03-04 01:10:00,0.02076,0.02078,0.02067,0.02069,12505238402.285456,135865000.0,136240000.0,135590000.0,135972000.0,12.91413241,3444000.0,3448000.0,3416000.0,3438000.0,545.1904103,3915.0,3926.0,3899.0,3919.0,1670892.87362379,325.0,325.4,323.1,324.3,1925286.6011855
2025-03-04 01:05:00,0.02083,0.0209,0.02075,0.02075,2329076023.5734377,136319000.0,136440000.0,135777000.0,135958000.0,13.78504311,3458000.0,3462000.0,3440000.0,3444000.0,225.77009599,3936.0,3947.0,3910.0,3916.0,1059542.03910536,326.2,327.0,324.9,324.9,1249710.44328239
2025-03-04 01:00:00,0.02077,0.02083,0.02072,0.02082,1773974256.1256328,135967000.0,136399000.0,135906000.0,136319000.0,10.07579941,3453000.0,3460000.0,3452000.0,3458000.0,91.45270348,3925.0,3937.0,3915.0,3936.0,777778.00421367,324.8,326.3,324.5,326.0,1197590.71719206
2025-03-04 00:55:00,0.02086,0.02086,0.02074,0.02077,3458287371.1943626,136794000.0,136805000.0,135888000.0,135965000.0,16.95690586,3473000.0,3473000.0,3449000.0,3454000.0,234.07859806,3949.0,3950.0,3916.0,3927.0,1070164.59617195,327.0,327.0,324.4,324.8,1150437.29303783
2025-03-04 00:50:00,0.02082,0.02087,0.02078,0.02086,2038170612.3448303,136584000.0,136972000.0,136584000.0,136794000.0,10.57633857,3461000.0,3474000.0,3459000.0,3473000.0,104.54117127,3936.0,3952.0,3934.0,3949.0,462552.61409949,325.9,327.1,325.8,327.0,699941.5542632
2025-03-04 00:45:00,0.0209,0.02091,0.02076,0.02076,4959222574.628922,136832000.0,136888000.0,136376000.0,136584000.0,11.34979889,3468000.0,3469000.0,3456000.0,3459000.0,109.38137734,3956.0,3958.0,3930.0,3936.0,917706.89421197,327.7,327.9,325.1,326.0,1932129.65495457
